relative_path,file_name,size_bytes,size,category,reason,suffix
data/gqa_raw/questions/val_all_questions.json,val_all_questions.json,1735745976,1.62 GB,REVIEW,Raw data file,.json
data/gqa_raw/questions.zip,questions.zip,1498616372,1.40 GB,ARCHIVE_OR_DELETE_CANDIDATE,Raw zip; delete only if extracted files exist,.zip
data/gqa_raw/questions/train_all_questions/train_all_questions_0.json,train_all_questions_0.json,1236128669,1.15 GB,REVIEW,Raw data file,.json
data/gqa_raw/questions/train_all_questions/train_all_questions_8.json,train_all_questions_8.json,1236032518,1.15 GB,REVIEW,Raw data file,.json
data/gqa_raw/questions/train_all_questions/train_all_questions_9.json,train_all_questions_9.json,1235981804,1.15 GB,REVIEW,Raw data file,.json
data/gqa_raw/questions/train_all_questions/train_all_questions_2.json,train_all_questions_2.json,1235890885,1.15 GB,REVIEW,Raw data file,.json
data/gqa_raw/questions/train_all_questions/train_all_questions_4.json,train_all_questions_4.json,1235772941,1.15 GB,REVIEW,Raw data file,.json
data/gqa_raw/questions/train_all_questions/train_all_questions_1.json,train_all_questions_1.json,1235712327,1.15 GB,REVIEW,Raw data file,.json
data/gqa_raw/questions/train_all_questions/train_all_questions_7.json,train_all_questions_7.json,1235539281,1.15 GB,REVIEW,Raw data file,.json
data/gqa_raw/questions/train_all_questions/train_all_questions_3.json,train_all_questions_3.json,1235521715,1.15 GB,REVIEW,Raw data file,.json
data/gqa_raw/questions/train_all_questions/train_all_questions_5.json,train_all_questions_5.json,1235477906,1.15 GB,REVIEW,Raw data file,.json
data/gqa_raw/questions/train_all_questions/train_all_questions_6.json,train_all_questions_6.json,1235068698,1.15 GB,REVIEW,Raw data file,.json
data/gqa_raw/questions/train_balanced_questions.json,train_balanced_questions.json,812984653,775.32 MB,REVIEW,Raw data file,.json
data/gqa_raw/questions/submission_all_questions.json,submission_all_questions.json,492981231,470.14 MB,REVIEW,Raw data file,.json
data/gqa_raw/train_sceneGraphs.json,train_sceneGraphs.json,317399800,302.70 MB,KEEP_LOCAL_NOT_GIT,Large raw GQA reproducibility file,.json
data/gqa_raw/questions/test_all_questions.json,test_all_questions.json,156968340,149.70 MB,REVIEW,Raw data file,.json
data/gqa_raw/questions/testdev_all_questions.json,testdev_all_questions.json,153446657,146.34 MB,REVIEW,Raw data file,.json
data/gqa_raw/questions/val_balanced_questions.json,val_balanced_questions.json,113884131,108.61 MB,KEEP_LOCAL_NOT_GIT,Large raw GQA reproducibility file,.json
data/gqa_raw/questions/challenge_all_questions.json,challenge_all_questions.json,83476451,79.61 MB,REVIEW,Raw data file,.json
data/gqa_raw/val_sceneGraphs.json,val_sceneGraphs.json,44830665,42.75 MB,KEEP_LOCAL_NOT_GIT,Large raw GQA reproducibility file,.json
data/gqa_raw/sceneGraphs.zip,sceneGraphs.zip,44824862,42.75 MB,ARCHIVE_OR_DELETE_CANDIDATE,Raw zip; delete only if extracted files exist,.zip
data/gqa_raw/questions/test_balanced_questions.json,test_balanced_questions.json,10900978,10.40 MB,REVIEW,Raw data file,.json
data/gqa_raw/questions/testdev_balanced_questions.json,testdev_balanced_questions.json,10848046,10.35 MB,REVIEW,Raw data file,.json
data/gqa_raw/questions/challenge_balanced_questions.json,challenge_balanced_questions.json,5800302,5.53 MB,REVIEW,Raw data file,.json
outputs/results/real_gqa_200_publish_methods_checkpoint.csv,real_gqa_200_publish_methods_checkpoint.csv,3029453,2.89 MB,REVIEW,Output file not recognized as final,.csv
outputs/results/real_gqa_200_publish_methods_detailed.csv,real_gqa_200_publish_methods_detailed.csv,3028632,2.89 MB,MUST_KEEP,Final result/report file,.csv
notebooks/final_experiments_clean.ipynb,final_experiments_clean.ipynb,762138,744.28 KB,KEEP,Notebook,.ipynb
data/processed/real_gqa_sst_200_balanced.json,real_gqa_sst_200_balanced.json,616103,601.66 KB,MUST_KEEP,Final result/report file,.json
data/gqa_images_subset_200/1159761.jpg,1159761.jpg,603205,589.07 KB,KEEP_LOCAL_NOT_GIT,Image subset for LLaVA rerun,.jpg
src/pipelines/sst_multimodal_pipeline.png,sst_multimodal_pipeline.png,484639,473.28 KB,KEEP,Source code,.png
notebooks/cse427_sst_final_code_submission.ipynb,cse427_sst_final_code_submission.ipynb,433325,423.17 KB,KEEP,Notebook,.ipynb
outputs/results/real_gqa_mistral_50_combined_with_compact_keyword.csv,real_gqa_mistral_50_combined_with_compact_keyword.csv,400545,391.16 KB,REVIEW,Output file not recognized as final,.csv
data/gqa_images_subset_200/713908.jpg,713908.jpg,390975,381.81 KB,KEEP_LOCAL_NOT_GIT,Image subset for LLaVA rerun,.jpg
data/gqa_images_subset_200/1592132.jpg,1592132.jpg,371922,363.21 KB,KEEP_LOCAL_NOT_GIT,Image subset for LLaVA rerun,.jpg
outputs/results/real_gqa_mistral_50_combined_with_keyword_filter.csv,real_gqa_mistral_50_combined_with_keyword_filter.csv,338391,330.46 KB,REVIEW,Output file not recognized as final,.csv
outputs/results/real_gqa_200_pilot20_publish_methods_detailed.csv,real_gqa_200_pilot20_publish_methods_detailed.csv,302510,295.42 KB,OPTIONAL_ARCHIVE,Old toy/pilot/intermediate output,.csv
data/gqa_images_subset_200/2398522.jpg,2398522.jpg,282949,276.32 KB,KEEP_LOCAL_NOT_GIT,Image subset for LLaVA rerun,.jpg
outputs/results/real_gqa_mistral_50_detailed_results.csv,real_gqa_mistral_50_detailed_results.csv,279372,272.82 KB,REVIEW,Output file not recognized as final,.csv
outputs/results/real_gqa_mistral_50_detailed_v2.csv,real_gqa_mistral_50_detailed_v2.csv,263789,257.61 KB,REVIEW,Output file not recognized as final,.csv
data/gqa_images_subset_200/2379947.jpg,2379947.jpg,230528,225.12 KB,KEEP_LOCAL_NOT_GIT,Image subset for LLaVA rerun,.jpg
data/gqa_images_subset_200/2366734.jpg,2366734.jpg,222310,217.10 KB,KEEP_LOCAL_NOT_GIT,Image subset for LLaVA rerun,.jpg
outputs/figures/final_exact_accuracy_comparison.png,final_exact_accuracy_comparison.png,221788,216.59 KB,KEEP,Generated figure/report asset,.png
outputs/figures/final_latency_comparison.png,final_latency_comparison.png,220622,215.45 KB,KEEP,Generated figure/report asset,.png
data/gqa_images_subset_200/2353864.jpg,2353864.jpg,209404,204.50 KB,KEEP_LOCAL_NOT_GIT,Image subset for LLaVA rerun,.jpg
outputs/figures/sst_token_reduction.png,sst_token_reduction.png,209130,204.23 KB,KEEP,Generated figure/report asset,.png
data/gqa_images_subset_200/2359779.jpg,2359779.jpg,206966,202.12 KB,KEEP_LOCAL_NOT_GIT,Image subset for LLaVA rerun,.jpg
data/gqa_images_subset_200/2413497.jpg,2413497.jpg,206814,201.97 KB,KEEP_LOCAL_NOT_GIT,Image subset for LLaVA rerun,.jpg
data/gqa_images_subset_200/2318376.jpg,2318376.jpg,205781,200.96 KB,KEEP_LOCAL_NOT_GIT,Image subset for LLaVA rerun,.jpg
data/gqa_images_subset_200/2411490.jpg,2411490.jpg,203352,198.59 KB,KEEP_LOCAL_NOT_GIT,Image subset for LLaVA rerun,.jpg
data/gqa_images_subset_200/2393352.jpg,2393352.jpg,203035,198.28 KB,KEEP_LOCAL_NOT_GIT,Image subset for LLaVA rerun,.jpg
data/gqa_images_subset_200/2393334.jpg,2393334.jpg,200833,196.13 KB,KEEP_LOCAL_NOT_GIT,Image subset for LLaVA rerun,.jpg
data/gqa_images_subset_200/2410304.jpg,2410304.jpg,198817,194.16 KB,KEEP_LOCAL_NOT_GIT,Image subset for LLaVA rerun,.jpg
data/gqa_images_subset_200/2401489.jpg,2401489.jpg,197440,192.81 KB,KEEP_LOCAL_NOT_GIT,Image subset for LLaVA rerun,.jpg
data/gqa_images_subset_200/2320252.jpg,2320252.jpg,192301,187.79 KB,KEEP_LOCAL_NOT_GIT,Image subset for LLaVA rerun,.jpg
data/gqa_images_subset_200/2362495.jpg,2362495.jpg,190199,185.74 KB,KEEP_LOCAL_NOT_GIT,Image subset for LLaVA rerun,.jpg
data/gqa_images_subset_200/2398774.jpg,2398774.jpg,189969,185.52 KB,KEEP_LOCAL_NOT_GIT,Image subset for LLaVA rerun,.jpg
data/gqa_images_subset_200/2401325.jpg,2401325.jpg,187548,183.15 KB,KEEP_LOCAL_NOT_GIT,Image subset for LLaVA rerun,.jpg
data/gqa_images_subset_200/2375683.jpg,2375683.jpg,184701,180.37 KB,KEEP_LOCAL_NOT_GIT,Image subset for LLaVA rerun,.jpg
data/gqa_images_subset_200/2330211.jpg,2330211.jpg,183167,178.87 KB,KEEP_LOCAL_NOT_GIT,Image subset for LLaVA rerun,.jpg
data/gqa_images_subset_200/2341884.jpg,2341884.jpg,180946,176.71 KB,KEEP_LOCAL_NOT_GIT,Image subset for LLaVA rerun,.jpg
data/gqa_images_subset_200/2396386.jpg,2396386.jpg,180048,175.83 KB,KEEP_LOCAL_NOT_GIT,Image subset for LLaVA rerun,.jpg
data/gqa_images_subset_200/2378087.jpg,2378087.jpg,179918,175.70 KB,KEEP_LOCAL_NOT_GIT,Image subset for LLaVA rerun,.jpg
data/gqa_images_subset_200/2370103.jpg,2370103.jpg,178666,174.48 KB,KEEP_LOCAL_NOT_GIT,Image subset for LLaVA rerun,.jpg
data/gqa_images_subset_200/2399683.jpg,2399683.jpg,178585,174.40 KB,KEEP_LOCAL_NOT_GIT,Image subset for LLaVA rerun,.jpg
data/gqa_images_subset_200/2355577.jpg,2355577.jpg,177166,173.01 KB,KEEP_LOCAL_NOT_GIT,Image subset for LLaVA rerun,.jpg
data/gqa_images_subset_200/2374816.jpg,2374816.jpg,176544,172.41 KB,KEEP_LOCAL_NOT_GIT,Image subset for LLaVA rerun,.jpg
data/gqa_images_subset_200/2330777.jpg,2330777.jpg,176521,172.38 KB,KEEP_LOCAL_NOT_GIT,Image subset for LLaVA rerun,.jpg
data/gqa_images_subset_200/2416156.jpg,2416156.jpg,175701,171.58 KB,KEEP_LOCAL_NOT_GIT,Image subset for LLaVA rerun,.jpg
data/gqa_images_subset_200/2387312.jpg,2387312.jpg,175605,171.49 KB,KEEP_LOCAL_NOT_GIT,Image subset for LLaVA rerun,.jpg
data/gqa_images_subset_200/2340446.jpg,2340446.jpg,175454,171.34 KB,KEEP_LOCAL_NOT_GIT,Image subset for LLaVA rerun,.jpg
data/gqa_images_subset_200/2398973.jpg,2398973.jpg,171614,167.59 KB,KEEP_LOCAL_NOT_GIT,Image subset for LLaVA rerun,.jpg
data/gqa_images_subset_200/2353078.jpg,2353078.jpg,166109,162.22 KB,KEEP_LOCAL_NOT_GIT,Image subset for LLaVA rerun,.jpg
data/gqa_images_subset_200/2317649.jpg,2317649.jpg,165631,161.75 KB,KEEP_LOCAL_NOT_GIT,Image subset for LLaVA rerun,.jpg
data/gqa_images_subset_200/2357474.jpg,2357474.jpg,165601,161.72 KB,KEEP_LOCAL_NOT_GIT,Image subset for LLaVA rerun,.jpg
data/gqa_images_subset_200/2371139.jpg,2371139.jpg,164478,160.62 KB,KEEP_LOCAL_NOT_GIT,Image subset for LLaVA rerun,.jpg
data/gqa_images_subset_200/2368981.jpg,2368981.jpg,164406,160.55 KB,KEEP_LOCAL_NOT_GIT,Image subset for LLaVA rerun,.jpg
data/gqa_images_subset_200/2411136.jpg,2411136.jpg,164002,160.16 KB,KEEP_LOCAL_NOT_GIT,Image subset for LLaVA rerun,.jpg
data/gqa_images_subset_200/2383197.jpg,2383197.jpg,163915,160.07 KB,KEEP_LOCAL_NOT_GIT,Image subset for LLaVA rerun,.jpg
data/gqa_images_subset_200/2397982.jpg,2397982.jpg,163611,159.78 KB,KEEP_LOCAL_NOT_GIT,Image subset for LLaVA rerun,.jpg
data/gqa_images_subset_200/2391816.jpg,2391816.jpg,163210,159.38 KB,KEEP_LOCAL_NOT_GIT,Image subset for LLaVA rerun,.jpg
data/gqa_images_subset_200/2323895.jpg,2323895.jpg,162867,159.05 KB,KEEP_LOCAL_NOT_GIT,Image subset for LLaVA rerun,.jpg
data/gqa_images_subset_200/2398518.jpg,2398518.jpg,160324,156.57 KB,KEEP_LOCAL_NOT_GIT,Image subset for LLaVA rerun,.jpg
data/gqa_images_subset_200/2343543.jpg,2343543.jpg,160200,156.45 KB,KEEP_LOCAL_NOT_GIT,Image subset for LLaVA rerun,.jpg
data/gqa_images_subset_200/2404130.jpg,2404130.jpg,160109,156.36 KB,KEEP_LOCAL_NOT_GIT,Image subset for LLaVA rerun,.jpg
data/gqa_images_subset_200/2352072.jpg,2352072.jpg,159934,156.19 KB,KEEP_LOCAL_NOT_GIT,Image subset for LLaVA rerun,.jpg
data/gqa_images_subset_200/2353910.jpg,2353910.jpg,159774,156.03 KB,KEEP_LOCAL_NOT_GIT,Image subset for LLaVA rerun,.jpg
data/gqa_images_subset_200/2325501.jpg,2325501.jpg,159761,156.02 KB,KEEP_LOCAL_NOT_GIT,Image subset for LLaVA rerun,.jpg
data/gqa_images_subset_200/2324176.jpg,2324176.jpg,158157,154.45 KB,KEEP_LOCAL_NOT_GIT,Image subset for LLaVA rerun,.jpg
data/gqa_images_subset_200/2354842.jpg,2354842.jpg,157224,153.54 KB,KEEP_LOCAL_NOT_GIT,Image subset for LLaVA rerun,.jpg
data/gqa_images_subset_200/2375415.jpg,2375415.jpg,156297,152.63 KB,KEEP_LOCAL_NOT_GIT,Image subset for LLaVA rerun,.jpg
data/gqa_images_subset_200/2328848.jpg,2328848.jpg,156294,152.63 KB,KEEP_LOCAL_NOT_GIT,Image subset for LLaVA rerun,.jpg
data/gqa_images_subset_200/2336923.jpg,2336923.jpg,155590,151.94 KB,KEEP_LOCAL_NOT_GIT,Image subset for LLaVA rerun,.jpg
data/gqa_images_subset_200/2343311.jpg,2343311.jpg,154422,150.80 KB,KEEP_LOCAL_NOT_GIT,Image subset for LLaVA rerun,.jpg
data/gqa_images_subset_200/2341763.jpg,2341763.jpg,154114,150.50 KB,KEEP_LOCAL_NOT_GIT,Image subset for LLaVA rerun,.jpg
data/gqa_images_subset_200/2345161.jpg,2345161.jpg,153657,150.06 KB,KEEP_LOCAL_NOT_GIT,Image subset for LLaVA rerun,.jpg
data/gqa_images_subset_200/2350772.jpg,2350772.jpg,153478,149.88 KB,KEEP_LOCAL_NOT_GIT,Image subset for LLaVA rerun,.jpg
data/gqa_images_subset_200/2342945.jpg,2342945.jpg,153273,149.68 KB,KEEP_LOCAL_NOT_GIT,Image subset for LLaVA rerun,.jpg
data/gqa_images_subset_200/2327387.jpg,2327387.jpg,152470,148.90 KB,KEEP_LOCAL_NOT_GIT,Image subset for LLaVA rerun,.jpg
data/gqa_images_subset_200/2338671.jpg,2338671.jpg,152190,148.62 KB,KEEP_LOCAL_NOT_GIT,Image subset for LLaVA rerun,.jpg
data/gqa_images_subset_200/2346709.jpg,2346709.jpg,151209,147.67 KB,KEEP_LOCAL_NOT_GIT,Image subset for LLaVA rerun,.jpg
data/gqa_images_subset_200/2367852.jpg,2367852.jpg,150457,146.93 KB,KEEP_LOCAL_NOT_GIT,Image subset for LLaVA rerun,.jpg
data/gqa_images_subset_200/2346104.jpg,2346104.jpg,150307,146.78 KB,KEEP_LOCAL_NOT_GIT,Image subset for LLaVA rerun,.jpg
data/gqa_images_subset_200/2368181.jpg,2368181.jpg,150078,146.56 KB,KEEP_LOCAL_NOT_GIT,Image subset for LLaVA rerun,.jpg
data/gqa_images_subset_200/2382016.jpg,2382016.jpg,149084,145.59 KB,KEEP_LOCAL_NOT_GIT,Image subset for LLaVA rerun,.jpg
data/gqa_images_subset_200/2360257.jpg,2360257.jpg,148712,145.23 KB,KEEP_LOCAL_NOT_GIT,Image subset for LLaVA rerun,.jpg
data/gqa_images_subset_200/2321131.jpg,2321131.jpg,147237,143.79 KB,KEEP_LOCAL_NOT_GIT,Image subset for LLaVA rerun,.jpg
data/gqa_images_subset_200/2415503.jpg,2415503.jpg,146852,143.41 KB,KEEP_LOCAL_NOT_GIT,Image subset for LLaVA rerun,.jpg
data/gqa_images_subset_200/2393484.jpg,2393484.jpg,146277,142.85 KB,KEEP_LOCAL_NOT_GIT,Image subset for LLaVA rerun,.jpg
data/gqa_images_subset_200/2351928.jpg,2351928.jpg,145888,142.47 KB,KEEP_LOCAL_NOT_GIT,Image subset for LLaVA rerun,.jpg
data/gqa_images_subset_200/2355250.jpg,2355250.jpg,145523,142.11 KB,KEEP_LOCAL_NOT_GIT,Image subset for LLaVA rerun,.jpg
data/gqa_images_subset_200/2352718.jpg,2352718.jpg,145153,141.75 KB,KEEP_LOCAL_NOT_GIT,Image subset for LLaVA rerun,.jpg
data/gqa_images_subset_200/2317575.jpg,2317575.jpg,145008,141.61 KB,KEEP_LOCAL_NOT_GIT,Image subset for LLaVA rerun,.jpg
data/gqa_images_subset_200/1339.jpg,1339.jpg,144457,141.07 KB,KEEP_LOCAL_NOT_GIT,Image subset for LLaVA rerun,.jpg
data/gqa_images_subset_200/2334774.jpg,2334774.jpg,144310,140.93 KB,KEEP_LOCAL_NOT_GIT,Image subset for LLaVA rerun,.jpg
outputs/results/real_gqa_mistral_50_wrong_answers.csv,real_gqa_mistral_50_wrong_answers.csv,143547,140.18 KB,REVIEW,Output file not recognized as final,.csv
data/gqa_images_subset_200/2356740.jpg,2356740.jpg,143547,140.18 KB,KEEP_LOCAL_NOT_GIT,Image subset for LLaVA rerun,.jpg
data/gqa_images_subset_200/2413023.jpg,2413023.jpg,143173,139.82 KB,KEEP_LOCAL_NOT_GIT,Image subset for LLaVA rerun,.jpg
data/gqa_images_subset_200/2320520.jpg,2320520.jpg,142433,139.09 KB,KEEP_LOCAL_NOT_GIT,Image subset for LLaVA rerun,.jpg
outputs/results/real_gqa_mistral_50_wrong_answers_v2.csv,real_gqa_mistral_50_wrong_answers_v2.csv,142033,138.70 KB,REVIEW,Output file not recognized as final,.csv
data/gqa_images_subset_200/2376612.jpg,2376612.jpg,141725,138.40 KB,KEEP_LOCAL_NOT_GIT,Image subset for LLaVA rerun,.jpg
data/gqa_images_subset_200/2406460.jpg,2406460.jpg,141631,138.31 KB,KEEP_LOCAL_NOT_GIT,Image subset for LLaVA rerun,.jpg
data/gqa_images_subset_200/2370134.jpg,2370134.jpg,141347,138.03 KB,KEEP_LOCAL_NOT_GIT,Image subset for LLaVA rerun,.jpg
data/gqa_images_subset_200/2347899.jpg,2347899.jpg,141322,138.01 KB,KEEP_LOCAL_NOT_GIT,Image subset for LLaVA rerun,.jpg
data/gqa_images_subset_200/2409655.jpg,2409655.jpg,140979,137.67 KB,KEEP_LOCAL_NOT_GIT,Image subset for LLaVA rerun,.jpg
data/gqa_images_subset_200/2413324.jpg,2413324.jpg,140513,137.22 KB,KEEP_LOCAL_NOT_GIT,Image subset for LLaVA rerun,.jpg
data/gqa_images_subset_200/2329558.jpg,2329558.jpg,140430,137.14 KB,KEEP_LOCAL_NOT_GIT,Image subset for LLaVA rerun,.jpg
data/gqa_images_subset_200/2415932.jpg,2415932.jpg,139677,136.40 KB,KEEP_LOCAL_NOT_GIT,Image subset for LLaVA rerun,.jpg
data/gqa_images_subset_200/2415921.jpg,2415921.jpg,139642,136.37 KB,KEEP_LOCAL_NOT_GIT,Image subset for LLaVA rerun,.jpg
data/gqa_images_subset_200/2411503.jpg,2411503.jpg,138839,135.58 KB,KEEP_LOCAL_NOT_GIT,Image subset for LLaVA rerun,.jpg
data/gqa_images_subset_200/2356402.jpg,2356402.jpg,138114,134.88 KB,KEEP_LOCAL_NOT_GIT,Image subset for LLaVA rerun,.jpg
data/gqa_images_subset_200/2387037.jpg,2387037.jpg,137801,134.57 KB,KEEP_LOCAL_NOT_GIT,Image subset for LLaVA rerun,.jpg
data/gqa_images_subset_200/2333425.jpg,2333425.jpg,137439,134.22 KB,KEEP_LOCAL_NOT_GIT,Image subset for LLaVA rerun,.jpg
data/gqa_images_subset_200/2389455.jpg,2389455.jpg,136897,133.69 KB,KEEP_LOCAL_NOT_GIT,Image subset for LLaVA rerun,.jpg
data/gqa_images_subset_200/2395398.jpg,2395398.jpg,135233,132.06 KB,KEEP_LOCAL_NOT_GIT,Image subset for LLaVA rerun,.jpg
data/gqa_images_subset_200/2392384.jpg,2392384.jpg,134972,131.81 KB,KEEP_LOCAL_NOT_GIT,Image subset for LLaVA rerun,.jpg
data/gqa_images_subset_200/2334521.jpg,2334521.jpg,133675,130.54 KB,KEEP_LOCAL_NOT_GIT,Image subset for LLaVA rerun,.jpg
data/gqa_images_subset_200/2383731.jpg,2383731.jpg,132293,129.19 KB,KEEP_LOCAL_NOT_GIT,Image subset for LLaVA rerun,.jpg
data/gqa_images_subset_200/2389362.jpg,2389362.jpg,131805,128.72 KB,KEEP_LOCAL_NOT_GIT,Image subset for LLaVA rerun,.jpg
data/gqa_images_subset_200/2407846.jpg,2407846.jpg,131795,128.71 KB,KEEP_LOCAL_NOT_GIT,Image subset for LLaVA rerun,.jpg
data/gqa_images_subset_200/2374021.jpg,2374021.jpg,130909,127.84 KB,KEEP_LOCAL_NOT_GIT,Image subset for LLaVA rerun,.jpg
data/gqa_images_subset_200/2391612.jpg,2391612.jpg,130274,127.22 KB,KEEP_LOCAL_NOT_GIT,Image subset for LLaVA rerun,.jpg
data/gqa_images_subset_200/2349434.jpg,2349434.jpg,128785,125.77 KB,KEEP_LOCAL_NOT_GIT,Image subset for LLaVA rerun,.jpg
data/gqa_images_subset_200/2386338.jpg,2386338.jpg,128660,125.64 KB,KEEP_LOCAL_NOT_GIT,Image subset for LLaVA rerun,.jpg
outputs/figures/sst_accuracy_vs_tokens.png,sst_accuracy_vs_tokens.png,128448,125.44 KB,KEEP,Generated figure/report asset,.png
data/gqa_images_subset_200/2397589.jpg,2397589.jpg,128160,125.16 KB,KEEP_LOCAL_NOT_GIT,Image subset for LLaVA rerun,.jpg
data/gqa_images_subset_200/1242.jpg,1242.jpg,127306,124.32 KB,KEEP_LOCAL_NOT_GIT,Image subset for LLaVA rerun,.jpg
data/gqa_images_subset_200/2348733.jpg,2348733.jpg,127118,124.14 KB,KEEP_LOCAL_NOT_GIT,Image subset for LLaVA rerun,.jpg
data/gqa_images_subset_200/2403960.jpg,2403960.jpg,126248,123.29 KB,KEEP_LOCAL_NOT_GIT,Image subset for LLaVA rerun,.jpg
data/gqa_images_subset_200/2383054.jpg,2383054.jpg,125352,122.41 KB,KEEP_LOCAL_NOT_GIT,Image subset for LLaVA rerun,.jpg
data/gqa_images_subset_200/2325687.jpg,2325687.jpg,125090,122.16 KB,KEEP_LOCAL_NOT_GIT,Image subset for LLaVA rerun,.jpg
data/gqa_images_subset_200/2411522.jpg,2411522.jpg,124692,121.77 KB,KEEP_LOCAL_NOT_GIT,Image subset for LLaVA rerun,.jpg
data/gqa_images_subset_200/2371801.jpg,2371801.jpg,124582,121.66 KB,KEEP_LOCAL_NOT_GIT,Image subset for LLaVA rerun,.jpg
data/gqa_images_subset_200/2344870.jpg,2344870.jpg,124511,121.59 KB,KEEP_LOCAL_NOT_GIT,Image subset for LLaVA rerun,.jpg
data/gqa_images_subset_200/2379482.jpg,2379482.jpg,124351,121.44 KB,KEEP_LOCAL_NOT_GIT,Image subset for LLaVA rerun,.jpg
data/gqa_images_subset_200/2340293.jpg,2340293.jpg,121975,119.12 KB,KEEP_LOCAL_NOT_GIT,Image subset for LLaVA rerun,.jpg
data/gqa_images_subset_200/2377541.jpg,2377541.jpg,120988,118.15 KB,KEEP_LOCAL_NOT_GIT,Image subset for LLaVA rerun,.jpg
data/gqa_images_subset_200/2386586.jpg,2386586.jpg,120800,117.97 KB,KEEP_LOCAL_NOT_GIT,Image subset for LLaVA rerun,.jpg
data/gqa_images_subset_200/2327958.jpg,2327958.jpg,120145,117.33 KB,KEEP_LOCAL_NOT_GIT,Image subset for LLaVA rerun,.jpg
data/gqa_images_subset_200/2322880.jpg,2322880.jpg,119245,116.45 KB,KEEP_LOCAL_NOT_GIT,Image subset for LLaVA rerun,.jpg
data/gqa_images_subset_200/2326327.jpg,2326327.jpg,118983,116.19 KB,KEEP_LOCAL_NOT_GIT,Image subset for LLaVA rerun,.jpg
data/gqa_images_subset_200/2401788.jpg,2401788.jpg,118632,115.85 KB,KEEP_LOCAL_NOT_GIT,Image subset for LLaVA rerun,.jpg
data/gqa_images_subset_200/2320242.jpg,2320242.jpg,118592,115.81 KB,KEEP_LOCAL_NOT_GIT,Image subset for LLaVA rerun,.jpg
data/gqa_images_subset_200/2362724.jpg,2362724.jpg,118273,115.50 KB,KEEP_LOCAL_NOT_GIT,Image subset for LLaVA rerun,.jpg
data/gqa_images_subset_200/2344540.jpg,2344540.jpg,117600,114.84 KB,KEEP_LOCAL_NOT_GIT,Image subset for LLaVA rerun,.jpg
data/gqa_images_subset_200/2396731.jpg,2396731.jpg,117418,114.67 KB,KEEP_LOCAL_NOT_GIT,Image subset for LLaVA rerun,.jpg
data/gqa_images_subset_200/2342134.jpg,2342134.jpg,117265,114.52 KB,KEEP_LOCAL_NOT_GIT,Image subset for LLaVA rerun,.jpg
data/gqa_images_subset_200/2355723.jpg,2355723.jpg,116956,114.21 KB,KEEP_LOCAL_NOT_GIT,Image subset for LLaVA rerun,.jpg
data/gqa_images_subset_200/2369303.jpg,2369303.jpg,115171,112.47 KB,KEEP_LOCAL_NOT_GIT,Image subset for LLaVA rerun,.jpg
data/gqa_images_subset_200/2385218.jpg,2385218.jpg,114494,111.81 KB,KEEP_LOCAL_NOT_GIT,Image subset for LLaVA rerun,.jpg
data/gqa_images_subset_200/2367978.jpg,2367978.jpg,114438,111.76 KB,KEEP_LOCAL_NOT_GIT,Image subset for LLaVA rerun,.jpg
data/gqa_images_subset_200/2400971.jpg,2400971.jpg,113895,111.23 KB,KEEP_LOCAL_NOT_GIT,Image subset for LLaVA rerun,.jpg
data/gqa_images_subset_200/2334664.jpg,2334664.jpg,113428,110.77 KB,KEEP_LOCAL_NOT_GIT,Image subset for LLaVA rerun,.jpg
data/gqa_images_subset_200/2316535.jpg,2316535.jpg,113272,110.62 KB,KEEP_LOCAL_NOT_GIT,Image subset for LLaVA rerun,.jpg
data/gqa_images_subset_200/2363244.jpg,2363244.jpg,112641,110.00 KB,KEEP_LOCAL_NOT_GIT,Image subset for LLaVA rerun,.jpg
data/gqa_images_subset_200/2350094.jpg,2350094.jpg,112519,109.88 KB,KEEP_LOCAL_NOT_GIT,Image subset for LLaVA rerun,.jpg
data/gqa_images_subset_200/2388049.jpg,2388049.jpg,112516,109.88 KB,KEEP_LOCAL_NOT_GIT,Image subset for LLaVA rerun,.jpg
data/gqa_images_subset_200/2316465.jpg,2316465.jpg,112357,109.72 KB,KEEP_LOCAL_NOT_GIT,Image subset for LLaVA rerun,.jpg
data/gqa_images_subset_200/2370296.jpg,2370296.jpg,112007,109.38 KB,KEEP_LOCAL_NOT_GIT,Image subset for LLaVA rerun,.jpg
data/gqa_images_subset_200/2378689.jpg,2378689.jpg,111926,109.30 KB,KEEP_LOCAL_NOT_GIT,Image subset for LLaVA rerun,.jpg
data/gqa_images_subset_200/2351890.jpg,2351890.jpg,111826,109.21 KB,KEEP_LOCAL_NOT_GIT,Image subset for LLaVA rerun,.jpg
data/gqa_images_subset_200/2319140.jpg,2319140.jpg,111729,109.11 KB,KEEP_LOCAL_NOT_GIT,Image subset for LLaVA rerun,.jpg
data/gqa_images_subset_200/2350197.jpg,2350197.jpg,111635,109.02 KB,KEEP_LOCAL_NOT_GIT,Image subset for LLaVA rerun,.jpg
data/processed/real_gqa_sst_50.json,real_gqa_sst_50.json,111421,108.81 KB,OPTIONAL_ARCHIVE,Old 50-sample dataset,.json
data/gqa_images_subset_200/2388904.jpg,2388904.jpg,110772,108.18 KB,KEEP_LOCAL_NOT_GIT,Image subset for LLaVA rerun,.jpg
data/gqa_images_subset_200/2407387.jpg,2407387.jpg,110746,108.15 KB,KEEP_LOCAL_NOT_GIT,Image subset for LLaVA rerun,.jpg
data/gqa_images_subset_200/2366277.jpg,2366277.jpg,110101,107.52 KB,KEEP_LOCAL_NOT_GIT,Image subset for LLaVA rerun,.jpg
data/gqa_images_subset_200/2377961.jpg,2377961.jpg,110072,107.49 KB,KEEP_LOCAL_NOT_GIT,Image subset for LLaVA rerun,.jpg
data/gqa_images_subset_200/2381600.jpg,2381600.jpg,109353,106.79 KB,KEEP_LOCAL_NOT_GIT,Image subset for LLaVA rerun,.jpg
data/gqa_images_subset_200/2340480.jpg,2340480.jpg,108152,105.62 KB,KEEP_LOCAL_NOT_GIT,Image subset for LLaVA rerun,.jpg
data/gqa_images_subset_200/2358919.jpg,2358919.jpg,107564,105.04 KB,KEEP_LOCAL_NOT_GIT,Image subset for LLaVA rerun,.jpg
data/gqa_images_subset_200/2351458.jpg,2351458.jpg,106969,104.46 KB,KEEP_LOCAL_NOT_GIT,Image subset for LLaVA rerun,.jpg
data/gqa_images_subset_200/2366034.jpg,2366034.jpg,106073,103.59 KB,KEEP_LOCAL_NOT_GIT,Image subset for LLaVA rerun,.jpg
data/gqa_images_subset_200/2409304.jpg,2409304.jpg,105958,103.47 KB,KEEP_LOCAL_NOT_GIT,Image subset for LLaVA rerun,.jpg
data/gqa_images_subset_200/2409579.jpg,2409579.jpg,105352,102.88 KB,KEEP_LOCAL_NOT_GIT,Image subset for LLaVA rerun,.jpg
data/gqa_images_subset_200/2396253.jpg,2396253.jpg,104196,101.75 KB,KEEP_LOCAL_NOT_GIT,Image subset for LLaVA rerun,.jpg
outputs/results/final_error_analysis_long_predictions.md,final_error_analysis_long_predictions.md,104042,101.60 KB,REVIEW,Output file not recognized as final,.md
data/gqa_images_subset_200/2356440.jpg,2356440.jpg,103688,101.26 KB,KEEP_LOCAL_NOT_GIT,Image subset for LLaVA rerun,.jpg
data/gqa_images_subset_200/2365742.jpg,2365742.jpg,103615,101.19 KB,KEEP_LOCAL_NOT_GIT,Image subset for LLaVA rerun,.jpg
data/gqa_images_subset_200/2352021.jpg,2352021.jpg,102864,100.45 KB,KEEP_LOCAL_NOT_GIT,Image subset for LLaVA rerun,.jpg
data/gqa_images_subset_200/4063.jpg,4063.jpg,102788,100.38 KB,KEEP_LOCAL_NOT_GIT,Image subset for LLaVA rerun,.jpg
data/gqa_images_subset_200/2408563.jpg,2408563.jpg,101584,99.20 KB,KEEP_LOCAL_NOT_GIT,Image subset for LLaVA rerun,.jpg
data/gqa_images_subset_200/2410613.jpg,2410613.jpg,101062,98.69 KB,KEEP_LOCAL_NOT_GIT,Image subset for LLaVA rerun,.jpg
data/gqa_images_subset_200/2348998.jpg,2348998.jpg,101036,98.67 KB,KEEP_LOCAL_NOT_GIT,Image subset for LLaVA rerun,.jpg
data/gqa_images_subset_200/2324712.jpg,2324712.jpg,100246,97.90 KB,KEEP_LOCAL_NOT_GIT,Image subset for LLaVA rerun,.jpg
data/gqa_images_subset_200/2407481.jpg,2407481.jpg,98070,95.77 KB,KEEP_LOCAL_NOT_GIT,Image subset for LLaVA rerun,.jpg
data/gqa_images_subset_200/2367303.jpg,2367303.jpg,97879,95.58 KB,KEEP_LOCAL_NOT_GIT,Image subset for LLaVA rerun,.jpg
data/gqa_images_subset_200/2359185.jpg,2359185.jpg,97147,94.87 KB,KEEP_LOCAL_NOT_GIT,Image subset for LLaVA rerun,.jpg
data/gqa_images_subset_200/2415791.jpg,2415791.jpg,96816,94.55 KB,KEEP_LOCAL_NOT_GIT,Image subset for LLaVA rerun,.jpg
data/gqa_images_subset_200/2385163.jpg,2385163.jpg,95163,92.93 KB,KEEP_LOCAL_NOT_GIT,Image subset for LLaVA rerun,.jpg
outputs/figures/token_reduction_by_semantic_type.png,token_reduction_by_semantic_type.png,95145,92.92 KB,KEEP,Generated figure/report asset,.png
data/gqa_images_subset_200/2361493.jpg,2361493.jpg,92976,90.80 KB,KEEP_LOCAL_NOT_GIT,Image subset for LLaVA rerun,.jpg
data/gqa_images_subset_200/2376548.jpg,2376548.jpg,92888,90.71 KB,KEEP_LOCAL_NOT_GIT,Image subset for LLaVA rerun,.jpg
data/gqa_images_subset_200/2316480.jpg,2316480.jpg,92729,90.56 KB,KEEP_LOCAL_NOT_GIT,Image subset for LLaVA rerun,.jpg
data/gqa_images_subset_200/2389990.jpg,2389990.jpg,91824,89.67 KB,KEEP_LOCAL_NOT_GIT,Image subset for LLaVA rerun,.jpg
data/gqa_images_subset_200/2363225.jpg,2363225.jpg,90542,88.42 KB,KEEP_LOCAL_NOT_GIT,Image subset for LLaVA rerun,.jpg
data/gqa_images_subset_200/2409283.jpg,2409283.jpg,89010,86.92 KB,KEEP_LOCAL_NOT_GIT,Image subset for LLaVA rerun,.jpg
data/gqa_images_subset_200/2342794.jpg,2342794.jpg,87853,85.79 KB,KEEP_LOCAL_NOT_GIT,Image subset for LLaVA rerun,.jpg
data/gqa_images_subset_200/2326672.jpg,2326672.jpg,87815,85.76 KB,KEEP_LOCAL_NOT_GIT,Image subset for LLaVA rerun,.jpg
outputs/results/final_error_analysis_long_predictions.csv,final_error_analysis_long_predictions.csv,86487,84.46 KB,REVIEW,Output file not recognized as final,.csv
data/gqa_images_subset_200/2396882.jpg,2396882.jpg,85543,83.54 KB,KEEP_LOCAL_NOT_GIT,Image subset for LLaVA rerun,.jpg
data/gqa_images_subset_200/2361696.jpg,2361696.jpg,84011,82.04 KB,KEEP_LOCAL_NOT_GIT,Image subset for LLaVA rerun,.jpg
data/gqa_images_subset_200/2362947.jpg,2362947.jpg,83691,81.73 KB,KEEP_LOCAL_NOT_GIT,Image subset for LLaVA rerun,.jpg
data/gqa_images_subset_200/2412806.jpg,2412806.jpg,83192,81.24 KB,KEEP_LOCAL_NOT_GIT,Image subset for LLaVA rerun,.jpg
outputs/figures/accuracy_by_semantic_type.png,accuracy_by_semantic_type.png,81834,79.92 KB,KEEP,Generated figure/report asset,.png
data/gqa_images_subset_200/2382242.jpg,2382242.jpg,80079,78.20 KB,KEEP_LOCAL_NOT_GIT,Image subset for LLaVA rerun,.jpg
data/gqa_images_subset_200/2377465.jpg,2377465.jpg,79129,77.27 KB,KEEP_LOCAL_NOT_GIT,Image subset for LLaVA rerun,.jpg
data/gqa_images_subset_200/2351386.jpg,2351386.jpg,77850,76.03 KB,KEEP_LOCAL_NOT_GIT,Image subset for LLaVA rerun,.jpg
data/gqa_images_subset_200/2385432.jpg,2385432.jpg,75424,73.66 KB,KEEP_LOCAL_NOT_GIT,Image subset for LLaVA rerun,.jpg
outputs/results/real_gqa_mistral_50_keyword_filter_results.csv,real_gqa_mistral_50_keyword_filter_results.csv,74798,73.04 KB,REVIEW,Output file not recognized as final,.csv
data/gqa_images_subset_200/2378976.jpg,2378976.jpg,74794,73.04 KB,KEEP_LOCAL_NOT_GIT,Image subset for LLaVA rerun,.jpg
data/gqa_images_subset_200/2320767.jpg,2320767.jpg,74554,72.81 KB,KEEP_LOCAL_NOT_GIT,Image subset for LLaVA rerun,.jpg
data/gqa_images_subset_200/1031.jpg,1031.jpg,67471,65.89 KB,KEEP_LOCAL_NOT_GIT,Image subset for LLaVA rerun,.jpg
data/gqa_images_subset_200/2319473.jpg,2319473.jpg,66514,64.96 KB,KEEP_LOCAL_NOT_GIT,Image subset for LLaVA rerun,.jpg
data/gqa_images_subset_200/2390473.jpg,2390473.jpg,66353,64.80 KB,KEEP_LOCAL_NOT_GIT,Image subset for LLaVA rerun,.jpg
data/gqa_images_subset_200/347.jpg,347.jpg,62955,61.48 KB,KEEP_LOCAL_NOT_GIT,Image subset for LLaVA rerun,.jpg
outputs/results/real_gqa_mistral_50_compact_keyword_results.csv,real_gqa_mistral_50_compact_keyword_results.csv,62379,60.92 KB,REVIEW,Output file not recognized as final,.csv
data/gqa_images_subset_200/370.jpg,370.jpg,62040,60.59 KB,KEEP_LOCAL_NOT_GIT,Image subset for LLaVA rerun,.jpg
outputs/figures/token_usage_comparison.png,token_usage_comparison.png,60120,58.71 KB,KEEP,Generated figure/report asset,.png
data/gqa_images_subset_200/2363548.jpg,2363548.jpg,56667,55.34 KB,KEEP_LOCAL_NOT_GIT,Image subset for LLaVA rerun,.jpg
data/gqa_images_subset_200/2325830.jpg,2325830.jpg,56403,55.08 KB,KEEP_LOCAL_NOT_GIT,Image subset for LLaVA rerun,.jpg
outputs/figures/accuracy_comparison.png,accuracy_comparison.png,54400,53.12 KB,KEEP,Generated figure/report asset,.png
data/gqa_images_subset_200/2355364.jpg,2355364.jpg,52389,51.16 KB,KEEP_LOCAL_NOT_GIT,Image subset for LLaVA rerun,.jpg
data/gqa_images_subset_200/2400422.jpg,2400422.jpg,51991,50.77 KB,KEEP_LOCAL_NOT_GIT,Image subset for LLaVA rerun,.jpg
data/gqa_images_subset_200/2371945.jpg,2371945.jpg,44102,43.07 KB,KEEP_LOCAL_NOT_GIT,Image subset for LLaVA rerun,.jpg
data/gqa_images_subset_200/2362150.jpg,2362150.jpg,39402,38.48 KB,KEEP_LOCAL_NOT_GIT,Image subset for LLaVA rerun,.jpg
data/gqa_images_subset_200/2398351.jpg,2398351.jpg,34267,33.46 KB,KEEP_LOCAL_NOT_GIT,Image subset for LLaVA rerun,.jpg
src/pipelines/sst_multimodal_pipeline.pdf,sst_multimodal_pipeline.pdf,31655,30.91 KB,KEEP,Source code,.pdf
data/gqa_images_subset_200/2399658.jpg,2399658.jpg,30454,29.74 KB,KEEP_LOCAL_NOT_GIT,Image subset for LLaVA rerun,.jpg
data/gqa_images_subset_200/2372158.jpg,2372158.jpg,27071,26.44 KB,KEEP_LOCAL_NOT_GIT,Image subset for LLaVA rerun,.jpg
outputs/eda/question_length_distribution.png,question_length_distribution.png,20936,20.45 KB,KEEP,Generated figure/report asset,.png
outputs/results/llava_200_evaluated.csv,llava_200_evaluated.csv,20886,20.40 KB,REVIEW,Output file not recognized as final,.csv
outputs/eda/question_type_distribution.png,question_type_distribution.png,18874,18.43 KB,KEEP,Generated figure/report asset,.png
outputs/eda/question_length_by_type.png,question_length_by_type.png,18425,17.99 KB,KEEP,Generated figure/report asset,.png
outputs/results/llava_200_results_detailed.csv,llava_200_results_detailed.csv,16412,16.03 KB,REVIEW,Output file not recognized as final,.csv
paper/project_report_demo.md,project_report_demo.md,15205,14.85 KB,KEEP,Paper/report material,.md
outputs/results/real_gqa_sst_200_balanced_distribution.csv,real_gqa_sst_200_balanced_distribution.csv,15112,14.76 KB,REVIEW,Output file not recognized as final,.csv
outputs/results/real_gqa_50_keyword_vs_full_error_analysis.csv,real_gqa_50_keyword_vs_full_error_analysis.csv,8854,8.65 KB,REVIEW,Output file not recognized as final,.csv
outputs/.DS_Store,.DS_Store,8196,8.00 KB,SAFE_DELETE_CANDIDATE,System junk file,
src/.DS_Store,.DS_Store,8196,8.00 KB,KEEP,Source code,
paper/results_and_discussion_draft.md,results_and_discussion_draft.md,7030,6.87 KB,KEEP,Paper/report material,.md
outputs/results/mistral_sst_detailed_results.csv,mistral_sst_detailed_results.csv,6480,6.33 KB,REVIEW,Output file not recognized as final,.csv
notebooks/.DS_Store,.DS_Store,6148,6.00 KB,SAFE_DELETE_CANDIDATE,System junk file,
data/.DS_Store,.DS_Store,6148,6.00 KB,SAFE_DELETE_CANDIDATE,System junk file,
outputs/results/.DS_Store,.DS_Store,6148,6.00 KB,SAFE_DELETE_CANDIDATE,System junk file,
outputs/results/real_gqa_50_keyword_and_full_both_correct_cases.csv,real_gqa_50_keyword_and_full_both_correct_cases.csv,4615,4.51 KB,REVIEW,Output file not recognized as final,.csv
outputs/results/week4_ablation_detailed_results.csv,week4_ablation_detailed_results.csv,3922,3.83 KB,OPTIONAL_ARCHIVE,Old toy/pilot/intermediate output,.csv
outputs/results/real_gqa_50_all_main_methods_wrong_cases.csv,real_gqa_50_all_main_methods_wrong_cases.csv,3710,3.62 KB,REVIEW,Output file not recognized as final,.csv
outputs/results/final_error_analysis_qualitative_examples.md,final_error_analysis_qualitative_examples.md,3025,2.95 KB,REVIEW,Output file not recognized as final,.md
outputs/results/final_error_analysis_qualitative_examples.csv,final_error_analysis_qualitative_examples.csv,2630,2.57 KB,MUST_KEEP,Final result/report file,.csv
outputs/results/week4_model_comparison_detailed.csv,week4_model_comparison_detailed.csv,2550,2.49 KB,OPTIONAL_ARCHIVE,Old toy/pilot/intermediate output,.csv
outputs/results/final_200_sample_semantic_type_table.csv,final_200_sample_semantic_type_table.csv,2454,2.40 KB,OPTIONAL_ARCHIVE,Old toy/pilot/intermediate output,.csv
data/gqa_raw/questions/readme.txt,readme.txt,2236,2.18 KB,REVIEW,Raw data file,.txt
outputs/results/final_presentable_evaluation_metrics.md,final_presentable_evaluation_metrics.md,1933,1.89 KB,MUST_KEEP,Final result/report file,.md
outputs/results/real_gqa_200_publish_methods_semantic_type_summary.csv,real_gqa_200_publish_methods_semantic_type_summary.csv,1858,1.81 KB,REVIEW,Output file not recognized as final,.csv
src/dataset/gqa_loader.py,gqa_loader.py,1776,1.73 KB,KEEP,Source code,.py
paper/evaluation_metrics_section.md,evaluation_metrics_section.md,1674,1.63 KB,KEEP,Paper/report material,.md
src/serializer/sst_builder.py,sst_builder.py,1564,1.53 KB,KEEP,Source code,.py
outputs/results/final_presentable_evaluation_metrics.csv,final_presentable_evaluation_metrics.csv,1506,1.47 KB,MUST_KEEP,Final result/report file,.csv
outputs/results/week4_sst_evaluation_results.csv,week4_sst_evaluation_results.csv,1368,1.34 KB,OPTIONAL_ARCHIVE,Old toy/pilot/intermediate output,.csv
outputs/results/final_sst_vs_llava_comparison.md,final_sst_vs_llava_comparison.md,1269,1.24 KB,MUST_KEEP,Final result/report file,.md
outputs/results/real_gqa_mistral_50_semantic_accuracy.csv,real_gqa_mistral_50_semantic_accuracy.csv,1163,1.14 KB,REVIEW,Output file not recognized as final,.csv
paper/ieee_compact_evaluation_table.tex,ieee_compact_evaluation_table.tex,1142,1.12 KB,KEEP,Paper/report material,.tex
data/processed/sample_questions_with_sst.json,sample_questions_with_sst.json,1123,1.10 KB,KEEP,Processed dataset,.json
outputs/results/final_error_analysis_by_semantic_type.md,final_error_analysis_by_semantic_type.md,1042,1.02 KB,REVIEW,Output file not recognized as final,.md
paper/error_analysis_section_draft.md,error_analysis_section_draft.md,1041,1.02 KB,KEEP,Paper/report material,.md
outputs/results/final_sst_vs_llava_comparison.csv,final_sst_vs_llava_comparison.csv,1010,1010.00 B,MUST_KEEP,Final result/report file,.csv
outputs/results/final_200_sample_mcnemar_vs_full_sst.csv,final_200_sample_mcnemar_vs_full_sst.csv,1009,1009.00 B,MUST_KEEP,Final result/report file,.csv
src/filtering/question_aware_filter.py,question_aware_filter.py,839,839.00 B,KEEP,Source code,.py
outputs/results/ieee_compact_evaluation_table.md,ieee_compact_evaluation_table.md,780,780.00 B,MUST_KEEP,Final result/report file,.md
outputs/results/final_error_analysis_by_semantic_type.csv,final_error_analysis_by_semantic_type.csv,759,759.00 B,MUST_KEEP,Final result/report file,.csv
outputs/results/real_gqa_200_publish_methods_summary.csv,real_gqa_200_publish_methods_summary.csv,753,753.00 B,MUST_KEEP,Final result/report file,.csv
outputs/results/real_gqa_mistral_50_filtered_helped.csv,real_gqa_mistral_50_filtered_helped.csv,703,703.00 B,REVIEW,Output file not recognized as final,.csv
outputs/results/real_gqa_200_pilot20_publish_methods_summary.csv,real_gqa_200_pilot20_publish_methods_summary.csv,698,698.00 B,OPTIONAL_ARCHIVE,Old toy/pilot/intermediate output,.csv
outputs/results/week4_semantic_type_comparison.csv,week4_semantic_type_comparison.csv,696,696.00 B,OPTIONAL_ARCHIVE,Old toy/pilot/intermediate output,.csv
outputs/results/llava_5_sample_smoke_test.csv,llava_5_sample_smoke_test.csv,624,624.00 B,OPTIONAL_ARCHIVE,Old toy/pilot/intermediate output,.csv
outputs/results/final_200_sample_paired_comparison_vs_full_sst.csv,final_200_sample_paired_comparison_vs_full_sst.csv,610,610.00 B,MUST_KEEP,Final result/report file,.csv
outputs/results/final_200_sample_report_table.csv,final_200_sample_report_table.csv,590,590.00 B,MUST_KEEP,Final result/report file,.csv
outputs/results/ieee_compact_evaluation_table.csv,ieee_compact_evaluation_table.csv,569,569.00 B,MUST_KEEP,Final result/report file,.csv
outputs/results/real_gqa_50_keyword_hurt_cases.csv,real_gqa_50_keyword_hurt_cases.csv,543,543.00 B,REVIEW,Output file not recognized as final,.csv
outputs/results/real_gqa_mistral_50_compact_keyword_summary.csv,real_gqa_mistral_50_compact_keyword_summary.csv,530,530.00 B,REVIEW,Output file not recognized as final,.csv
outputs/results/real_gqa_50_keyword_helped_cases.csv,real_gqa_50_keyword_helped_cases.csv,521,521.00 B,REVIEW,Output file not recognized as final,.csv
outputs/results/final_200_sample_accuracy_bootstrap_ci.csv,final_200_sample_accuracy_bootstrap_ci.csv,499,499.00 B,MUST_KEEP,Final result/report file,.csv
data/raw/sample_questions.json,sample_questions.json,460,460.00 B,REVIEW,Unclassified,.json
outputs/results/final_real_gqa_50_experiment_table.csv,final_real_gqa_50_experiment_table.csv,434,434.00 B,REVIEW,Output file not recognized as final,.csv
outputs/results/real_gqa_mistral_50_full_helped.csv,real_gqa_mistral_50_full_helped.csv,410,410.00 B,REVIEW,Output file not recognized as final,.csv
outputs/results/final_error_analysis_disagreement_summary.md,final_error_analysis_disagreement_summary.md,401,401.00 B,REVIEW,Output file not recognized as final,.md
outputs/results/week4_ablation_summary.csv,week4_ablation_summary.csv,389,389.00 B,OPTIONAL_ARCHIVE,Old toy/pilot/intermediate output,.csv
outputs/results/week4_model_comparison_summary.csv,week4_model_comparison_summary.csv,381,381.00 B,OPTIONAL_ARCHIVE,Old toy/pilot/intermediate output,.csv
outputs/results/real_gqa_mistral_50_keyword_filter_summary.csv,real_gqa_mistral_50_keyword_filter_summary.csv,367,367.00 B,REVIEW,Output file not recognized as final,.csv
outputs/results/real_gqa_mistral_50_summary_v2.csv,real_gqa_mistral_50_summary_v2.csv,356,356.00 B,REVIEW,Output file not recognized as final,.csv
data/gqa_raw/readme.txt,readme.txt,316,316.00 B,REVIEW,Raw data file,.txt
outputs/results/final_error_analysis_disagreement_summary.csv,final_error_analysis_disagreement_summary.csv,310,310.00 B,MUST_KEEP,Final result/report file,.csv
data/gqa_images_subset_200/download_report.json,download_report.json,291,291.00 B,KEEP,Image download report,.json
outputs/results/mistral_sst_summary_results.csv,mistral_sst_summary_results.csv,286,286.00 B,REVIEW,Output file not recognized as final,.csv
outputs/results/llava_200_summary.csv,llava_200_summary.csv,266,266.00 B,MUST_KEEP,Final result/report file,.csv
outputs/results/real_gqa_mistral_50_summary_results.csv,real_gqa_mistral_50_summary_results.csv,263,263.00 B,REVIEW,Output file not recognized as final,.csv
outputs/results/final_error_analysis_full_vs_keyword_summary.md,final_error_analysis_full_vs_keyword_summary.md,243,243.00 B,REVIEW,Output file not recognized as final,.md
outputs/results/week4_sst_summary_metrics.csv,week4_sst_summary_metrics.csv,198,198.00 B,OPTIONAL_ARCHIVE,Old toy/pilot/intermediate output,.csv
outputs/results/final_error_analysis_full_vs_keyword_summary.csv,final_error_analysis_full_vs_keyword_summary.csv,188,188.00 B,MUST_KEEP,Final result/report file,.csv
outputs/results/real_gqa_50_keyword_case_counts.csv,real_gqa_50_keyword_case_counts.csv,148,148.00 B,REVIEW,Output file not recognized as final,.csv
src/utils/io_utils.py,io_utils.py,0,0.00 B,KEEP,Source code,.py
src/evaluation/metrics.py,metrics.py,0,0.00 B,KEEP,Source code,.py
src/extraction/detector.py,detector.py,0,0.00 B,KEEP,Source code,.py
src/extraction/relations.py,relations.py,0,0.00 B,KEEP,Source code,.py
src/extraction/ocr.py,ocr.py,0,0.00 B,KEEP,Source code,.py
src/baseline/baseline_vlm.py,baseline_vlm.py,0,0.00 B,KEEP,Source code,.py
